Peak;RT;Area;Area_%;Area_Sum_%;Height;Width;FWHM;Compuestos_interes;etiqueta;concentracion_eugenol;concentracion_ppm
 6             ;10.549         ; 1968890.55    ;  1.25         ; 0.78          ; 444446.47     ;0.192          ;0.068          ;FURFURAL       ;Ca-1           ;NA             ; 1.73157455    
10             ;12.035         ;  456605.02    ;  0.29         ; 0.18          ; 106421.57     ;0.129          ;0.068          ;5METHYLFURFURAL;Ca-1           ;NA             ; 0.21928902    
22             ;18.312         ;  211164.97    ;  0.13         ; 0.08          ;  74391.55     ;0.137          ;0.032          ;EUGENOL        ;Ca-1           ;-0.02615103    ;-0.02615103    
 6             ;10.470         ; 3342256.44    ; 14.53         ; 4.72          ; 741744.00     ;0.210          ;0.070          ;FURFURAL       ;Ca-10          ;NA             ; 3.10494044    
12             ;11.980         ;  282207.26    ;  1.23         ; 0.40          ;  87989.42     ;0.120          ;0.050          ;5METHYLFURFURAL;Ca-10          ;NA             ; 0.04489126    
38             ;18.300         ;  392371.31    ;  1.71         ; 0.55          ; 146813.28     ;0.140          ;0.040          ;EUGENOL        ;Ca-10          ; 0.15505531    ; 0.15505531    
52             ;20.570         ;  870646.62    ;  3.78         ; 1.23          ; 281774.01     ;0.100          ;0.040          ;VANILLIN       ;Ca-10          ;NA             ; 0.63333062    
 5             ;10.499         ; 3186231.29    ;  3.23         ; 1.96          ; 811226.38     ;0.163          ;0.062          ;FURFURAL       ;Ca-11          ;NA             ; 2.94891529    
10             ;12.005         ;  198929.71    ;  0.20         ; 0.12          ;  84708.85     ;0.078          ;0.040          ;5METHYLFURFURAL;Ca-11          ;NA             ;-0.03838629    
26             ;18.308         ;  201255.01    ;  0.20         ; 0.12          ;  76771.61     ;0.144          ;0.032          ;EUGENOL        ;Ca-11          ;-0.03606099    ;-0.03606099    
34             ;20.582         ;  907397.56    ;  0.92         ; 0.56          ; 360610.40     ;0.099          ;0.030          ;VANILLIN       ;Ca-11          ;NA             ; 0.67008156    
 5             ;10.480         ; 2540903.80    ; 19.61         ; 4.26          ; 548278.21     ;0.220          ;0.070          ;FURFURAL       ;Ca-12          ;NA             ; 2.30358780    
12             ;11.990         ;  157921.99    ;  1.22         ; 0.26          ;  53734.89     ;0.100          ;0.050          ;5METHYLFURFURAL;Ca-12          ;NA             ;-0.07939401    
44             ;18.310         ;  267607.95    ;  2.07         ; 0.45          ;  64480.29     ;0.160          ;0.060          ;EUGENOL        ;Ca-12          ; 0.03029195    ; 0.03029195    
 5             ;10.460         ; 4293907.75    ; 52.86         ; 8.17          ;1019496.20     ;0.210          ;0.070          ;FURFURAL       ;Ca-13          ;NA             ; 4.05659175    
11             ;11.970         ;  511483.39    ;  6.30         ; 0.97          ; 151150.42     ;0.140          ;0.050          ;5METHYLFURFURAL;Ca-13          ;NA             ; 0.27416739    
 4             ;10.503         ; 3415384.58    ; 15.29         ; 5.24          ; 627095.60     ;0.254          ;0.085          ;FURFURAL       ;Ca-14          ;NA             ; 3.17806858    
11             ;12.005         ;  177374.15    ;  0.79         ; 0.27          ;  48616.26     ;0.125          ;0.065          ;5METHYLFURFURAL;Ca-14          ;NA             ;-0.05994185    
 8             ;10.440         ; 5318711.91    ; 48.73         ; 8.62          ;1176554.76     ;0.170          ;0.070          ;FURFURAL       ;Ca-15          ;NA             ; 5.08139591    
15             ;11.970         ;  356929.89    ;  3.27         ; 0.58          ; 100497.03     ;0.120          ;0.060          ;5METHYLFURFURAL;Ca-15          ;NA             ; 0.11961389    
65             ;20.570         ; 1748040.40    ; 16.02         ; 2.83          ; 660898.72     ;0.100          ;0.040          ;VANILLIN       ;Ca-15          ;NA             ; 1.51072440    
 8             ;10.470         ; 5262396.21    ; 22.67         ; 7.10          ;1194289.26     ;0.210          ;0.070          ;FURFURAL       ;Ca-16          ;NA             ; 5.02508021    
14             ;11.980         ;  526518.56    ;  2.27         ; 0.71          ; 144790.11     ;0.140          ;0.060          ;5METHYLFURFURAL;Ca-16          ;NA             ; 0.28920256    
43             ;18.290         ;  154910.11    ;  0.67         ; 0.21          ;  57411.27     ;0.120          ;0.040          ;EUGENOL        ;Ca-16          ;-0.08240589    ;-0.08240589    
54             ;20.570         ;  530039.44    ;  2.28         ; 0.72          ; 306560.68     ;0.050          ;0.030          ;VANILLIN       ;Ca-16          ;NA             ; 0.29272344    
 5             ;10.440         ; 4737878.46    ; 63.17         ; 9.58          ;1040135.26     ;0.170          ;0.070          ;FURFURAL       ;Ca-17          ;NA             ; 4.50056246    
11             ;11.960         ;  382061.82    ;  5.09         ; 0.77          ;  97682.70     ;0.130          ;0.060          ;5METHYLFURFURAL;Ca-17          ;NA             ; 0.14474582    
53             ;20.560         ;  231002.06    ;  3.08         ; 0.47          ; 176166.91     ;0.040          ;0.020          ;VANILLIN       ;Ca-17          ;NA             ;-0.00631394    
 7             ;10.440         ; 4897095.39    ; 74.04         ;11.92          ;1219569.22     ;0.150          ;0.060          ;FURFURAL       ;Ca-18          ;NA             ; 4.65977939    
13             ;11.970         ;  290207.60    ;  4.39         ; 0.71          ; 110743.59     ;0.080          ;0.040          ;5METHYLFURFURAL;Ca-18          ;NA             ; 0.05289160    
42             ;18.290         ;  124282.37    ;  1.88         ; 0.30          ;  45014.17     ;0.130          ;0.040          ;EUGENOL        ;Ca-18          ;-0.11303363    ;-0.11303363    
 5             ;10.476         ; 4192203.71    ; 17.70         ; 5.39          ; 903129.36     ;0.201          ;0.072          ;FURFURAL       ;Ca-19          ;NA             ; 3.95488771    
10             ;11.982         ;  515848.44    ;  2.18         ; 0.66          ; 129996.62     ;0.141          ;0.061          ;5METHYLFURFURAL;Ca-19          ;NA             ; 0.27853244    
51             ;20.574         ;  343770.13    ;  1.45         ; 0.44          ; 194358.44     ;0.055          ;0.030          ;VANILLIN       ;Ca-19          ;NA             ; 0.10645413    
 8             ;10.460         ; 4294221.34    ; 23.40         ; 6.18          ; 958548.46     ;0.180          ;0.070          ;FURFURAL       ;Ca-2           ;NA             ; 4.05690534    
15             ;11.980         ;  394575.80    ;  2.15         ; 0.57          ;  94425.50     ;0.150          ;0.060          ;5METHYLFURFURAL;Ca-2           ;NA             ; 0.15725980    
40             ;18.300         ;  281036.71    ;  1.53         ; 0.40          ;  96301.12     ;0.150          ;0.040          ;EUGENOL        ;Ca-2           ; 0.04372071    ; 0.04372071    
57             ;20.570         ;  247084.03    ;  1.35         ; 0.36          ; 170936.46     ;0.040          ;0.030          ;VANILLIN       ;Ca-2           ;NA             ; 0.00976803    
 3             ;10.480         ;  637781.65    ;  4.51         ; 0.84          ; 282760.08     ;0.083          ;0.044          ;FURFURAL       ;Ca-20          ;NA             ; 0.40046565    
 6             ;11.959         ;  394418.30    ;  2.79         ; 0.52          ;  89311.53     ;0.137          ;0.064          ;5METHYLFURFURAL;Ca-20          ;NA             ; 0.15710230    
 9             ;10.431         ; 5199871.67    ; 67.84         ; 9.44          ;1219836.91     ;0.160          ;0.068          ;FURFURAL       ;Ca-21          ;NA             ; 4.96255567    
16             ;11.971         ;  533315.86    ;  6.96         ; 0.97          ; 151425.40     ;0.133          ;0.054          ;5METHYLFURFURAL;Ca-21          ;NA             ; 0.29599986    
65             ;20.563         ; 1352634.26    ; 17.65         ; 2.45          ; 588785.74     ;0.065          ;0.035          ;VANILLIN       ;Ca-21          ;NA             ; 1.11531826    
 7             ;10.440         ; 5120713.97    ; 62.35         ; 9.25          ;1266675.12     ;0.140          ;0.070          ;FURFURAL       ;Ca-22          ;NA             ; 4.88339797    
14             ;11.970         ;  400985.86    ;  4.88         ; 0.72          ; 121268.91     ;0.110          ;0.050          ;5METHYLFURFURAL;Ca-22          ;NA             ; 0.16366986    
63             ;20.570         ;  531344.28    ;  6.47         ; 0.96          ; 366711.19     ;0.040          ;0.020          ;VANILLIN       ;Ca-22          ;NA             ; 0.29402828    
 5             ;10.480         ; 2199991.85    ;  5.00         ; 2.25          ; 448848.73     ;0.243          ;0.094          ;FURFURAL       ;Ca-23          ;NA             ; 1.96267585    
 7             ;11.974         ;  147740.65    ;  0.34         ; 0.15          ;  60043.99     ;0.118          ;0.040          ;5METHYLFURFURAL;Ca-23          ;NA             ;-0.08957535    
 7             ;10.495         ; 2942367.92    ;  4.25         ; 2.33          ; 699851.05     ;0.175          ;0.064          ;FURFURAL       ;Ca-24          ;NA             ; 2.70505192    
12             ;12.001         ;  104236.43    ;  0.15         ; 0.08          ;  51028.55     ;0.060          ;0.035          ;5METHYLFURFURAL;Ca-24          ;NA             ;-0.13307957    
52             ;20.582         ;  419055.01    ;  0.61         ; 0.33          ; 289916.33     ;0.047          ;0.024          ;VANILLIN       ;Ca-24          ;NA             ; 0.18173901    
 7             ;10.370         ; 5729960.27    ;100.00         ;13.66          ;1233505.36     ;0.150          ;0.080          ;FURFURAL       ;Ca-25          ;NA             ; 5.49264427    
12             ;11.910         ; 1097742.00    ; 19.16         ; 2.62          ; 196103.73     ;0.310          ;0.070          ;5METHYLFURFURAL;Ca-25          ;NA             ; 0.86042600    
 2             ;10.389         ; 4528314.35    ; 70.58         ;12.76          ; 919948.57     ;0.177          ;0.080          ;FURFURAL       ;Ca-26          ;NA             ; 4.29099835    
 7             ;11.921         ;  478700.96    ;  7.46         ; 1.35          ; 112775.12     ;0.163          ;0.064          ;5METHYLFURFURAL;Ca-26          ;NA             ; 0.24138496    
43             ;20.532         ;  921609.56    ; 14.37         ; 2.60          ; 335995.58     ;0.072          ;0.046          ;VANILLIN       ;Ca-26          ;NA             ; 0.68429356    
 9             ;10.495         ; 3073624.36    ;  2.95         ; 1.44          ; 824637.66     ;0.175          ;0.060          ;FURFURAL       ;Ca-27          ;NA             ; 2.83630836    
15             ;12.016         ;  242931.25    ;  0.23         ; 0.11          ;  91583.37     ;0.117          ;0.042          ;5METHYLFURFURAL;Ca-27          ;NA             ; 0.00561525    
34             ;20.582         ; 1102765.44    ;  1.06         ; 0.52          ; 540535.37     ;0.072          ;0.028          ;VANILLIN       ;Ca-27          ;NA             ; 0.86544944    
 5             ;10.396         ; 4197128.83    ; 64.13         ;11.80          ; 857056.16     ;0.163          ;0.080          ;FURFURAL       ;Ca-28          ;NA             ; 3.95981283    
11             ;11.929         ;  462627.86    ;  7.07         ; 1.30          ; 101382.56     ;0.171          ;0.066          ;5METHYLFURFURAL;Ca-28          ;NA             ; 0.22531186    
54             ;20.529         ; 1236484.53    ; 18.89         ; 3.48          ; 467045.89     ;0.072          ;0.042          ;VANILLIN       ;Ca-28          ;NA             ; 0.99916853    
 6             ;10.389         ; 5864335.43    ; 76.45         ;12.64          ;1202474.70     ;0.172          ;0.080          ;FURFURAL       ;Ca-29          ;NA             ; 5.62701943    
12             ;11.921         ;  645981.20    ;  8.42         ; 1.39          ; 147773.37     ;0.171          ;0.063          ;5METHYLFURFURAL;Ca-29          ;NA             ; 0.40866520    
53             ;20.529         ; 1413501.09    ; 18.43         ; 3.05          ; 533461.83     ;0.068          ;0.044          ;VANILLIN       ;Ca-29          ;NA             ; 1.17618509    
 5             ;10.450         ; 5564125.36    ; 32.25         ; 9.43          ;1371983.53     ;0.144          ;0.066          ;FURFURAL       ;Ca-3           ;NA             ; 5.32680936    
11             ;11.978         ;  435873.49    ;  2.53         ; 0.74          ; 124449.16     ;0.114          ;0.055          ;5METHYLFURFURAL;Ca-3           ;NA             ; 0.19855749    
55             ;20.574         ; 1144204.33    ;  6.63         ; 1.94          ; 410079.72     ;0.099          ;0.036          ;VANILLIN       ;Ca-3           ;NA             ; 0.90688833    
 6             ;10.393         ; 8614554.25    ; 93.56         ;12.85          ;1746704.58     ;0.194          ;0.078          ;FURFURAL       ;Ca-30          ;NA             ; 8.37723825    
13             ;11.921         ; 1109204.19    ; 12.05         ; 1.65          ; 225283.17     ;0.261          ;0.057          ;5METHYLFURFURAL;Ca-30          ;NA             ; 0.87188819    
64             ;20.525         ; 1080253.69    ; 11.73         ; 1.61          ; 577880.65     ;0.062          ;0.031          ;VANILLIN       ;Ca-30          ;NA             ; 0.84293769    
 5             ;10.526         ; 2967404.13    ;  7.68         ; 3.15          ; 684544.62     ;0.203          ;0.064          ;FURFURAL       ;Ca-4           ;NA             ; 2.73008813    
12             ;12.008         ;  224043.68    ;  0.58         ; 0.24          ;  70275.26     ;0.106          ;0.048          ;5METHYLFURFURAL;Ca-4           ;NA             ;-0.01327232    
38             ;20.578         ;  648885.82    ;  1.68         ; 0.69          ; 242067.78     ;0.122          ;0.033          ;VANILLIN       ;Ca-4           ;NA             ; 0.41156982    
 7             ;11.440         ;   92865.47    ;  0.74         ; 0.14          ;  40008.97     ;0.090          ;0.030          ;FURFURAL       ;Ca-5           ;NA             ;-0.14445053    
 7             ;10.473         ; 5551948.32    ;  5.83         ; 3.37          ;1375431.79     ;0.171          ;0.066          ;FURFURAL       ;Ca-6           ;NA             ; 5.31463232    
14             ;11.997         ;  402581.57    ;  0.42         ; 0.24          ; 149831.89     ;0.106          ;0.042          ;5METHYLFURFURAL;Ca-6           ;NA             ; 0.16526557    
33             ;18.312         ;  135215.15    ;  0.14         ; 0.08          ;  62522.48     ;0.137          ;0.026          ;EUGENOL        ;Ca-6           ;-0.10210085    ;-0.10210085    
45             ;20.582         ; 1414314.95    ;  1.48         ; 0.86          ; 617298.24     ;0.099          ;0.028          ;VANILLIN       ;Ca-6           ;NA             ; 1.17699895    
 9             ;10.499         ; 3419490.10    ;  3.60         ; 1.77          ; 871558.20     ;0.175          ;0.062          ;FURFURAL       ;Ca-7           ;NA             ; 3.18217410    
15             ;12.012         ;  269708.46    ;  0.28         ; 0.14          ;  98515.52     ;0.103          ;0.043          ;5METHYLFURFURAL;Ca-7           ;NA             ; 0.03239246    
28             ;18.316         ;  104827.02    ;  0.11         ; 0.05          ;  55303.02     ;0.076          ;0.027          ;EUGENOL        ;Ca-7           ;-0.13248898    ;-0.13248898    
37             ;20.586         ;  480111.74    ;  0.51         ; 0.25          ; 328465.18     ;0.053          ;0.023          ;VANILLIN       ;Ca-7           ;NA             ; 0.24279574    
 6             ;10.420         ; 2019427.34    ; 17.77         ; 3.71          ; 343366.30     ;0.220          ;0.090          ;FURFURAL       ;Ca-8           ;NA             ; 1.78211134    
 6             ;10.430         ; 6684338.08    ; 83.01         ;10.44          ;1601434.18     ;0.150          ;0.070          ;FURFURAL       ;Ca-9           ;NA             ; 6.44702208    
13             ;11.970         ;  602634.63    ;  7.48         ; 0.94          ; 181778.82     ;0.120          ;0.050          ;5METHYLFURFURAL;Ca-9           ;NA             ; 0.36531863    
 5             ;10.507         ; 1060111.43    ;  1.03         ; 0.64          ; 268618.15     ;0.160          ;0.061          ;FURFURAL       ;Ce-1           ;NA             ; 0.82279543    
10             ;12.005         ;  164395.92    ;  0.16         ; 0.10          ;  65505.31     ;0.093          ;0.039          ;5METHYLFURFURAL;Ce-1           ;NA             ;-0.07292008    
32             ;20.582         ;  786058.72    ;  0.77         ; 0.47          ; 231945.13     ;0.144          ;0.084          ;VANILLIN       ;Ce-1           ;NA             ; 0.54874272    
10             ;10.488         ;  580997.07    ;  0.73         ; 0.32          ; 166059.18     ;0.133          ;0.055          ;FURFURAL       ;Ce-10          ;NA             ; 0.34368107    
16             ;12.012         ;  158012.36    ;  0.20         ; 0.09          ;  58775.33     ;0.110          ;0.040          ;5METHYLFURFURAL;Ce-10          ;NA             ;-0.07930364    
40             ;20.586         ;  237191.55    ;  0.30         ; 0.13          ; 168799.26     ;0.049          ;0.023          ;VANILLIN       ;Ce-10          ;NA             ;-0.00012445    
 2             ;10.435         ;  582881.78    ;  6.74         ; 1.18          ;  72749.48     ;0.198          ;0.146          ;FURFURAL       ;Ce-11          ;NA             ; 0.34556578    
 6             ;10.400         ; 1316251.52    ; 26.79         ; 3.57          ; 297446.30     ;0.131          ;0.074          ;FURFURAL       ;Ce-12          ;NA             ; 1.07893552    
12             ;11.944         ;  304365.24    ;  6.20         ; 0.83          ;  74784.98     ;0.114          ;0.065          ;5METHYLFURFURAL;Ce-12          ;NA             ; 0.06704924    
 7             ;10.404         ; 1045837.93    ; 19.24         ; 2.62          ; 197331.01     ;0.173          ;0.083          ;FURFURAL       ;Ce-14          ;NA             ; 0.80852193    
 3             ;10.408         ; 1184728.20    ; 24.65         ; 4.53          ; 254320.24     ;0.137          ;0.080          ;FURFURAL       ;Ce-15          ;NA             ; 0.94741220    
 8             ;10.420         ; 1357459.41    ; 25.09         ; 3.11          ; 318949.98     ;0.140          ;0.070          ;FURFURAL       ;Ce-16          ;NA             ; 1.12014341    
16             ;11.960         ;  268937.42    ;  4.97         ; 0.62          ;  79195.46     ;0.130          ;0.050          ;5METHYLFURFURAL;Ce-16          ;NA             ; 0.03162142    
65             ;20.560         ;  384428.86    ;  7.10         ; 0.88          ; 197396.36     ;0.090          ;0.030          ;VANILLIN       ;Ce-16          ;NA             ; 0.14711286    
 5             ;10.434         ;  373137.07    ;  5.50         ; 1.01          ;  51214.62     ;0.201          ;0.127          ;FURFURAL       ;Ce-17          ;NA             ; 0.13582107    
 7             ;11.868         ;  504893.83    ;  7.44         ; 1.36          ;  90533.96     ;0.144          ;0.111          ;5METHYLFURFURAL;Ce-17          ;NA             ; 0.26757783    
 6             ;10.427         ;  509675.41    ;  9.54         ; 1.71          ; 103649.09     ;0.158          ;0.080          ;FURFURAL       ;Ce-18          ;NA             ; 0.27235941    
11             ;11.952         ;   74610.67    ;  1.40         ; 0.25          ;  20864.29     ;0.114          ;0.059          ;5METHYLFURFURAL;Ce-18          ;NA             ;-0.16270533    
 7             ;10.393         ; 1111320.36    ; 21.47         ; 2.85          ; 235303.38     ;0.143          ;0.080          ;FURFURAL       ;Ce-19          ;NA             ; 0.87400436    
11             ;11.944         ;  405479.38    ;  7.83         ; 1.04          ;  89108.38     ;0.122          ;0.078          ;5METHYLFURFURAL;Ce-19          ;NA             ; 0.16816338    
 8             ;10.450         ;  511860.57    ;  4.93         ; 1.11          ; 122156.40     ;0.160          ;0.070          ;FURFURAL       ;Ce-2           ;NA             ; 0.27454457    
16             ;11.980         ;  152253.82    ;  1.47         ; 0.33          ;  50042.78     ;0.100          ;0.050          ;5METHYLFURFURAL;Ce-2           ;NA             ;-0.08506218    
 4             ;10.457         ;  226604.98    ;  3.37         ; 0.71          ;  38852.61     ;0.172          ;0.108          ;FURFURAL       ;Ce-20          ;NA             ;-0.01071102    
 5             ;10.514         ;  718817.86    ;  0.60         ; 0.40          ; 135200.66     ;0.316          ;0.070          ;FURFURAL       ;Ce-21          ;NA             ; 0.48150186    
 6             ;10.423         ; 1025718.88    ; 22.71         ; 3.07          ; 216131.80     ;0.155          ;0.074          ;FURFURAL       ;Ce-22          ;NA             ; 0.78840288    
10             ;11.944         ;  203602.25    ;  4.51         ; 0.61          ;  47951.92     ;0.133          ;0.066          ;5METHYLFURFURAL;Ce-22          ;NA             ;-0.03371375    
 6             ;10.397         ;  683479.33    ; 15.91         ; 2.38          ; 155679.88     ;0.145          ;0.071          ;FURFURAL       ;Ce-23          ;NA             ; 0.44616333    
11             ;11.933         ;  325278.34    ;  7.57         ; 1.13          ;  65732.79     ;0.129          ;0.080          ;5METHYLFURFURAL;Ce-23          ;NA             ; 0.08796234    
 6             ;10.457         ;  129170.93    ;  1.90         ; 0.38          ;  27833.83     ;0.160          ;0.088          ;FURFURAL       ;Ce-24          ;NA             ;-0.10814507    
 5             ;10.461         ;  251722.68    ;  3.82         ; 0.81          ;  51495.74     ;0.162          ;0.076          ;FURFURAL       ;Ce-25          ;NA             ; 0.01440668    
 5             ;10.380         ;  677771.13    ; 13.27         ; 2.78          ; 157543.00     ;0.120          ;0.070          ;FURFURAL       ;Ce-26          ;NA             ; 0.44045513    
 9             ;11.910         ;  212021.45    ;  4.15         ; 0.87          ;  42176.32     ;0.140          ;0.090          ;5METHYLFURFURAL;Ce-26          ;NA             ;-0.02529455    
53             ;20.520         ;  225942.90    ;  4.42         ; 0.93          ; 100846.55     ;0.080          ;0.030          ;VANILLIN       ;Ce-26          ;NA             ;-0.01137310    
 5             ;10.389         ; 1051381.75    ; 16.67         ; 2.93          ; 220641.29     ;0.144          ;0.080          ;FURFURAL       ;Ce-27          ;NA             ; 0.81406575    
 9             ;11.929         ;  248472.17    ;  3.94         ; 0.69          ;  54682.34     ;0.133          ;0.077          ;5METHYLFURFURAL;Ce-27          ;NA             ; 0.01115617    
47             ;20.529         ;  365527.26    ;  5.80         ; 1.02          ; 136119.68     ;0.076          ;0.048          ;VANILLIN       ;Ce-27          ;NA             ; 0.12821126    
 1             ;10.370         ;  457095.19    ;  3.53         ; 0.98          ; 140406.34     ;0.100          ;0.050          ;FURFURAL       ;Ce-28          ;NA             ; 0.21977919    
 6             ;10.400         ;  876213.30    ;  8.82         ; 1.82          ; 178413.82     ;0.177          ;0.075          ;FURFURAL       ;Ce-29          ;NA             ; 0.63889730    
10             ;11.910         ;  153452.69    ;  1.54         ; 0.32          ;  47508.96     ;0.091          ;0.061          ;5METHYLFURFURAL;Ce-29          ;NA             ;-0.08386331    
 5             ;10.492         ;  465121.74    ;  1.64         ; 0.70          ; 114278.76     ;0.127          ;0.066          ;FURFURAL       ;Ce-3           ;NA             ; 0.22780574    
 3             ;10.359         ;  480766.42    ;  8.70         ; 2.09          ;  96894.14     ;0.139          ;0.087          ;FURFURAL       ;Ce-30          ;NA             ; 0.24345042    
 6             ;11.879         ;  219936.24    ;  3.98         ; 0.96          ;  39732.64     ;0.144          ;0.107          ;5METHYLFURFURAL;Ce-30          ;NA             ;-0.01737976    
 6             ;10.420         ; 1675274.06    ; 33.40         ; 3.78          ; 388207.56     ;0.140          ;0.070          ;FURFURAL       ;Ce-4           ;NA             ; 1.43795806    
13             ;11.960         ;  231778.64    ;  4.62         ; 0.52          ;  76288.91     ;0.100          ;0.050          ;5METHYLFURFURAL;Ce-4           ;NA             ;-0.00553736    
 4             ;10.404         ; 1065769.89    ; 23.52         ; 3.93          ; 233708.80     ;0.140          ;0.079          ;FURFURAL       ;Ce-5           ;NA             ; 0.82845389    
 8             ;11.944         ;  258038.90    ;  5.69         ; 0.95          ;  59729.51     ;0.125          ;0.074          ;5METHYLFURFURAL;Ce-5           ;NA             ; 0.02072290    
 5             ;10.440         ;  765033.54    ;  9.32         ; 2.07          ; 170758.01     ;0.150          ;0.070          ;FURFURAL       ;Ce-6           ;NA             ; 0.52771754    
 8             ;11.950         ;  177158.92    ;  2.16         ; 0.48          ;  48423.86     ;0.100          ;0.060          ;5METHYLFURFURAL;Ce-6           ;NA             ;-0.06015708    
10             ;10.484         ;  612657.30    ;  1.01         ; 0.38          ; 163165.30     ;0.128          ;0.061          ;FURFURAL       ;Ce-7           ;NA             ; 0.37534130    
16             ;12.016         ;  101789.09    ;  0.17         ; 0.06          ;  38842.23     ;0.105          ;0.039          ;5METHYLFURFURAL;Ce-7           ;NA             ;-0.13552691    
51             ;20.582         ; 1930823.98    ;  3.17         ; 1.20          ;1136053.14     ;0.070          ;0.024          ;VANILLIN       ;Ce-7           ;NA             ; 1.69350798    
 6             ;10.450         ;  373927.46    ;  3.55         ; 0.78          ;  81356.67     ;0.150          ;0.080          ;FURFURAL       ;Ce-8           ;NA             ; 0.13661146    
 6             ;10.390         ; 9792406.41    ; 56.24         ;10.91          ;1677722.10     ;0.300          ;0.090          ;FURFURAL       ;E-1            ;NA             ; 9.55509041    
10             ;11.890         ; 1703801.53    ;  9.79         ; 1.90          ; 362443.30     ;0.170          ;0.070          ;5METHYLFURFURAL;E-1            ;NA             ; 1.46648553    
56             ;20.510         ; 2867542.80    ; 16.47         ; 3.19          ; 993403.81     ;0.140          ;0.040          ;VANILLIN       ;E-1            ;NA             ; 2.63022680    
 9             ;10.533         ; 4074687.63    ;  4.05         ; 2.04          ; 935609.62     ;0.152          ;0.071          ;FURFURAL       ;E-10           ;NA             ; 3.83737163    
13             ;12.039         ;  933314.61    ;  0.93         ; 0.47          ; 314936.53     ;0.156          ;0.044          ;5METHYLFURFURAL;E-10           ;NA             ; 0.69599861    
 5             ;10.500         ; 5647942.08    ; 66.20         ; 8.15          ; 913014.55     ;0.260          ;0.100          ;FURFURAL       ;E-11           ;NA             ; 5.41062608    
 9             ;11.990         ; 1412962.34    ; 16.56         ; 2.04          ; 294958.19     ;0.220          ;0.070          ;5METHYLFURFURAL;E-11           ;NA             ; 1.17564634    
 3             ;10.427         ;  406852.35    ;  1.88         ; 0.50          ; 126524.28     ;0.072          ;0.062          ;FURFURAL       ;E-12           ;NA             ; 0.16953635    
 8             ;11.993         ;  592566.70    ;  2.74         ; 0.72          ; 121093.11     ;0.133          ;0.074          ;5METHYLFURFURAL;E-12           ;NA             ; 0.35525070    
 7             ;10.442         ; 5787693.67    ; 37.89         ; 7.26          ; 915675.07     ;0.261          ;0.097          ;FURFURAL       ;E-13           ;NA             ; 5.55037767    
13             ;11.929         ; 1418684.69    ;  9.29         ; 1.78          ; 313114.36     ;0.141          ;0.072          ;5METHYLFURFURAL;E-13           ;NA             ; 1.18136869    
 8             ;10.440         ; 1706694.44    ; 22.95         ; 3.34          ; 429685.07     ;0.140          ;0.060          ;FURFURAL       ;E-14           ;NA             ; 1.46937844    
15             ;11.980         ;  962019.14    ; 12.94         ; 1.88          ; 273147.38     ;0.150          ;0.050          ;5METHYLFURFURAL;E-14           ;NA             ; 0.72470314    
 9             ;10.470         ; 4979302.37    ; 37.14         ; 6.13          ; 907168.41     ;0.170          ;0.090          ;FURFURAL       ;E-15           ;NA             ; 4.74198637    
12             ;11.900         ; 3652113.29    ; 27.24         ; 4.50          ; 664764.64     ;0.290          ;0.080          ;5METHYLFURFURAL;E-15           ;NA             ; 3.41479729    
50             ;20.520         ; 1389073.74    ; 10.36         ; 1.71          ; 403932.59     ;0.100          ;0.050          ;VANILLIN       ;E-15           ;NA             ; 1.15175774    
 5             ;10.408         ; 1453253.27    ; 18.33         ; 3.49          ; 177256.80     ;0.380          ;0.119          ;FURFURAL       ;E-16           ;NA             ; 1.21593727    
 8             ;11.860         ;  848367.46    ; 10.70         ; 2.04          ; 174647.68     ;0.186          ;0.063          ;5METHYLFURFURAL;E-16           ;NA             ; 0.61105146    
 7             ;10.430         ; 2942708.29    ; 50.50         ; 6.08          ; 726228.25     ;0.130          ;0.070          ;FURFURAL       ;E-17           ;NA             ; 2.70539229    
14             ;11.970         ; 1321933.92    ; 22.69         ; 2.73          ; 368080.84     ;0.160          ;0.050          ;5METHYLFURFURAL;E-17           ;NA             ; 1.08461792    
 9             ;10.496         ; 1040630.18    ;  1.08         ; 0.56          ; 279616.41     ;0.171          ;0.057          ;FURFURAL       ;E-18           ;NA             ; 0.80331418    
16             ;12.009         ;  269545.38    ;  0.28         ; 0.14          ; 102376.51     ;0.105          ;0.041          ;5METHYLFURFURAL;E-18           ;NA             ; 0.03222938    
 4             ;10.419         ; 1364626.27    ; 25.40         ; 3.85          ; 260688.64     ;0.223          ;0.082          ;FURFURAL       ;E-19           ;NA             ; 1.12731027    
 9             ;11.921         ;  554987.88    ; 10.33         ; 1.56          ; 125129.41     ;0.133          ;0.069          ;5METHYLFURFURAL;E-19           ;NA             ; 0.31767188    
 6             ;10.440         ; 3166536.36    ; 55.38         ; 5.65          ; 749324.75     ;0.170          ;0.070          ;FURFURAL       ;E-2            ;NA             ; 2.92922036    
13             ;11.970         ; 2116452.57    ; 37.02         ; 3.78          ; 585931.02     ;0.150          ;0.060          ;5METHYLFURFURAL;E-2            ;NA             ; 1.87913657    
 6             ;10.549         ;  987424.47    ;  0.90         ; 0.51          ; 246018.69     ;0.209          ;0.075          ;FURFURAL       ;E-20           ;NA             ; 0.75010847    
 9             ;12.028         ;  506160.38    ;  0.46         ; 0.26          ; 140354.58     ;0.122          ;0.053          ;5METHYLFURFURAL;E-20           ;NA             ; 0.26884438    
 6             ;10.370         ; 2381086.79    ; 48.80         ; 5.48          ; 514078.40     ;0.140          ;0.080          ;FURFURAL       ;E-21           ;NA             ; 2.14377079    
12             ;11.900         ; 2059109.79    ; 42.20         ; 4.74          ; 448302.24     ;0.300          ;0.060          ;5METHYLFURFURAL;E-21           ;NA             ; 1.82179379    
52             ;20.510         ;  359436.78    ;  7.37         ; 0.83          ; 153001.99     ;0.060          ;0.040          ;VANILLIN       ;E-21           ;NA             ; 0.12212078    
 6             ;10.416         ; 2557408.48    ; 48.17         ; 5.41          ; 526987.52     ;0.188          ;0.077          ;FURFURAL       ;E-22           ;NA             ; 2.32009248    
10             ;11.940         ;  790664.67    ; 14.89         ; 1.67          ; 221655.10     ;0.116          ;0.058          ;5METHYLFURFURAL;E-22           ;NA             ; 0.55334867    
 2             ;10.360         ; 9428943.41    ; 74.76         ;13.30          ; 823717.59     ;0.670          ;0.130          ;FURFURAL       ;E-23           ;NA             ; 9.19162741    
 7             ;11.940         ; 1519878.32    ; 12.05         ; 2.14          ; 186740.67     ;0.190          ;0.150          ;5METHYLFURFURAL;E-23           ;NA             ; 1.28256232    
40             ;20.510         ;  447215.37    ;  3.55         ; 0.63          ; 141019.30     ;0.110          ;0.050          ;VANILLIN       ;E-23           ;NA             ; 0.20989937    
 2             ;10.340         ; 1373558.49    ; 15.54         ; 3.14          ; 192290.50     ;0.280          ;0.100          ;FURFURAL       ;E-24           ;NA             ; 1.13624249    
 9             ;10.420         ; 4146889.75    ; 57.54         ; 6.18          ; 998090.23     ;0.150          ;0.070          ;FURFURAL       ;E-25           ;NA             ; 3.90957375    
15             ;11.960         ; 2526303.70    ; 35.05         ; 3.77          ; 706337.41     ;0.150          ;0.060          ;5METHYLFURFURAL;E-25           ;NA             ; 2.28898770    
67             ;20.560         ; 1325676.71    ; 18.39         ; 1.98          ; 466106.59     ;0.080          ;0.040          ;VANILLIN       ;E-25           ;NA             ; 1.08836071    
 5             ;10.442         ;  440444.38    ;  8.02         ; 1.51          ;  92111.17     ;0.163          ;0.077          ;FURFURAL       ;E-26           ;NA             ; 0.20312838    
 9             ;11.944         ;  334378.19    ;  6.09         ; 1.15          ;  68408.02     ;0.156          ;0.071          ;5METHYLFURFURAL;E-26           ;NA             ; 0.09706219    
 7             ;10.393         ; 5327199.29    ;100.00         ;11.59          ;1014927.59     ;0.163          ;0.086          ;FURFURAL       ;E-27           ;NA             ; 5.08988329    
12             ;11.933         ; 2660908.39    ; 49.95         ; 5.79          ; 531640.22     ;0.308          ;0.069          ;5METHYLFURFURAL;E-27           ;NA             ; 2.42359239    
47             ;20.533         ;  569918.20    ; 10.70         ; 1.24          ; 219038.80     ;0.114          ;0.042          ;VANILLIN       ;E-27           ;NA             ; 0.33260220    
 4             ;10.530         ;  678874.57    ;  2.04         ; 0.67          ; 116976.92     ;0.182          ;0.084          ;FURFURAL       ;E-28           ;NA             ; 0.44155857    
 4             ;10.442         ;  963599.32    ; 16.83         ; 3.02          ; 145406.16     ;0.236          ;0.105          ;FURFURAL       ;E-29           ;NA             ; 0.72628332    
 8             ;10.427         ; 5474126.34    ; 36.69         ; 8.26          ; 827506.98     ;0.272          ;0.102          ;FURFURAL       ;E-3            ;NA             ; 5.23681034    
12             ;11.925         ;  695522.65    ;  4.66         ; 1.05          ; 124884.17     ;0.179          ;0.086          ;5METHYLFURFURAL;E-3            ;NA             ; 0.45820665    
 2             ;10.476         ; 4377107.84    ;  6.16         ; 2.96          ; 769333.72     ;0.277          ;0.083          ;FURFURAL       ;E-30           ;NA             ; 4.13979184    
 7             ;11.997         ;  266297.59    ;  0.37         ; 0.18          ; 135215.74     ;0.056          ;0.035          ;5METHYLFURFURAL;E-30           ;NA             ; 0.02898159    
48             ;20.578         ;  709331.41    ;  1.00         ; 0.48          ; 410351.42     ;0.063          ;0.028          ;VANILLIN       ;E-30           ;NA             ; 0.47201541    
 7             ;10.430         ;20222810.16    ; 54.99         ;15.96          ;4751548.66     ;0.170          ;0.070          ;FURFURAL       ;E-4            ;NA             ;19.98549416    
14             ;11.960         ; 2908051.52    ;  7.91         ; 2.29          ; 840383.97     ;0.130          ;0.050          ;5METHYLFURFURAL;E-4            ;NA             ; 2.67073552    
62             ;20.560         ; 1210141.51    ;  3.29         ; 0.95          ; 519025.43     ;0.080          ;0.030          ;VANILLIN       ;E-4            ;NA             ; 0.97282551    
 7             ;10.461         ; 1815326.27    ;  4.83         ; 1.84          ; 442484.91     ;0.125          ;0.067          ;FURFURAL       ;E-5            ;NA             ; 1.57801027    
14             ;11.982         ;  711809.01    ;  1.89         ; 0.72          ; 218726.57     ;0.129          ;0.049          ;5METHYLFURFURAL;E-5            ;NA             ; 0.47449301    
56             ;20.582         ;  493602.66    ;  1.31         ; 0.50          ; 218966.65     ;0.107          ;0.030          ;VANILLIN       ;E-5            ;NA             ; 0.25628666    
 2             ;10.488         ; 3551094.82    ;  3.72         ; 2.15          ;1150868.87     ;0.175          ;0.042          ;FURFURAL       ;E-6            ;NA             ; 3.31377882    
 6             ;12.012         ;  685557.48    ;  0.72         ; 0.42          ; 239264.47     ;0.120          ;0.044          ;5METHYLFURFURAL;E-6            ;NA             ; 0.44824148    
 4             ;10.370         ; 2114892.82    ; 43.96         ; 5.85          ; 437033.35     ;0.180          ;0.080          ;FURFURAL       ;E-7            ;NA             ; 1.87757682    
 9             ;11.890         ; 1359161.51    ; 28.25         ; 3.76          ; 314196.47     ;0.240          ;0.060          ;5METHYLFURFURAL;E-7            ;NA             ; 1.12184551    
50             ;20.510         ;  364960.97    ;  7.59         ; 1.01          ; 189348.63     ;0.070          ;0.030          ;VANILLIN       ;E-7            ;NA             ; 0.12764497    
 8             ;10.440         ;11343651.47    ; 55.32         ;12.07          ;2563535.91     ;0.180          ;0.070          ;FURFURAL       ;E-8            ;NA             ;11.10633547    
16             ;11.970         ; 2461293.43    ; 12.00         ; 2.62          ; 686935.62     ;0.140          ;0.060          ;5METHYLFURFURAL;E-8            ;NA             ; 2.22397743    
 7             ;10.378         ;13636074.32    ; 64.69         ;14.96          ;2904815.18     ;0.167          ;0.076          ;FURFURAL       ;E-9            ;NA             ;13.39875832    
13             ;11.917         ; 3155702.72    ; 14.97         ; 3.46          ; 732531.72     ;0.270          ;0.058          ;5METHYLFURFURAL;E-9            ;NA             ; 2.91838672    
62             ;20.521         ; 1489624.90    ;  7.07         ; 1.63          ; 554814.31     ;0.072          ;0.043          ;VANILLIN       ;E-9            ;NA             ; 1.25230890    
 8             ;10.420         ; 2592909.75    ; 29.81         ; 4.01          ; 588767.38     ;0.140          ;0.070          ;FURFURAL       ;F-1            ;NA             ; 2.35559375    
14             ;11.960         ; 1949235.71    ; 22.41         ; 3.02          ; 438092.57     ;0.280          ;0.060          ;5METHYLFURFURAL;F-1            ;NA             ; 1.71191971    
65             ;20.560         ;  905333.67    ; 10.41         ; 1.40          ; 310333.37     ;0.080          ;0.050          ;VANILLIN       ;F-1            ;NA             ; 0.66801767    
 9             ;10.495         ; 2025277.35    ;  2.79         ; 1.05          ; 537383.51     ;0.164          ;0.060          ;FURFURAL       ;F-10           ;NA             ; 1.78796135    
16             ;12.012         ;  557919.35    ;  0.77         ; 0.29          ; 213977.35     ;0.110          ;0.039          ;5METHYLFURFURAL;F-10           ;NA             ; 0.32060335    
53             ;20.586         ;  193493.26    ;  0.27         ; 0.10          ; 181752.82     ;0.033          ;0.019          ;VANILLIN       ;F-10           ;NA             ;-0.04382274    
 5             ;10.450         ; 2933029.85    ; 39.43         ; 3.87          ; 673935.18     ;0.200          ;0.070          ;FURFURAL       ;F-11           ;NA             ; 2.69571385    
11             ;11.960         ; 2331819.08    ; 31.35         ; 3.08          ; 605734.59     ;0.170          ;0.060          ;5METHYLFURFURAL;F-11           ;NA             ; 2.09450308    
42             ;18.270         ;  191400.39    ;  2.57         ; 0.25          ;  51410.66     ;0.140          ;0.040          ;EUGENOL        ;F-11           ;-0.04591561    ;-0.04591561    
57             ;20.560         ; 1005270.02    ; 13.52         ; 1.33          ; 331268.80     ;0.080          ;0.050          ;VANILLIN       ;F-11           ;NA             ; 0.76795402    
 5             ;10.480         ;  726325.10    ;  7.56         ; 1.50          ; 101277.16     ;0.280          ;0.110          ;FURFURAL       ;F-12           ;NA             ; 0.48900910    
10             ;11.960         ;  459356.29    ;  4.78         ; 0.95          ;  87405.52     ;0.140          ;0.100          ;5METHYLFURFURAL;F-12           ;NA             ; 0.22204029    
11             ;12.070         ;  104711.14    ;  1.09         ; 0.22          ;  28221.97     ;0.100          ;0.090          ;EUGENOL        ;F-12           ;-0.13260486    ;-0.13260486    
 5             ;10.412         ; 3840822.89    ; 29.48         ; 4.73          ; 891125.23     ;0.165          ;0.068          ;FURFURAL       ;F-13           ;NA             ; 3.60350689    
11             ;11.948         ; 2589679.65    ; 19.88         ; 3.19          ; 666440.20     ;0.255          ;0.054          ;5METHYLFURFURAL;F-13           ;NA             ; 2.35236365    
61             ;20.540         ; 1135519.42    ;  8.72         ; 1.40          ; 466242.17     ;0.068          ;0.038          ;VANILLIN       ;F-13           ;NA             ; 0.89820342    
 6             ;10.480         ;  967121.88    ; 12.10         ; 1.81          ; 135031.52     ;0.220          ;0.120          ;FURFURAL       ;F-14           ;NA             ; 0.72980588    
10             ;11.920         ;  724602.33    ;  9.07         ; 1.36          ; 150362.62     ;0.110          ;0.080          ;5METHYLFURFURAL;F-14           ;NA             ; 0.48728633    
 6             ;10.503         ;  948318.43    ;  1.77         ; 0.79          ; 236776.07     ;0.151          ;0.063          ;FURFURAL       ;F-15           ;NA             ; 0.71100243    
13             ;11.997         ;  751195.57    ;  1.40         ; 0.63          ; 167212.68     ;0.266          ;0.050          ;5METHYLFURFURAL;F-15           ;NA             ; 0.51387957    
50             ;20.575         ;  919806.91    ;  1.71         ; 0.77          ; 270322.66     ;0.106          ;0.046          ;VANILLIN       ;F-15           ;NA             ; 0.68249091    
 7             ;10.518         ; 1099625.12    ;  6.46         ; 1.48          ; 208924.36     ;0.170          ;0.088          ;FURFURAL       ;F-16           ;NA             ; 0.86230912    
11             ;12.001         ;  942925.07    ;  5.54         ; 1.27          ; 195738.44     ;0.213          ;0.061          ;5METHYLFURFURAL;F-16           ;NA             ; 0.70560907    
53             ;20.574         ;  788174.94    ;  4.63         ; 1.06          ; 231988.26     ;0.156          ;0.037          ;VANILLIN       ;F-16           ;NA             ; 0.55085894    
 6             ;10.416         ; 2030617.48    ; 22.90         ; 3.42          ; 447526.88     ;0.166          ;0.072          ;FURFURAL       ;F-17           ;NA             ; 1.79330148    
13             ;11.948         ; 1114582.46    ; 12.57         ; 1.88          ; 284021.25     ;0.152          ;0.059          ;5METHYLFURFURAL;F-17           ;NA             ; 0.87726646    
58             ;20.540         ;  424253.27    ;  4.78         ; 0.71          ; 216764.39     ;0.061          ;0.033          ;VANILLIN       ;F-17           ;NA             ; 0.18693727    
 3             ;10.347         ;  596198.64    ;  7.86         ; 1.16          ; 178164.57     ;0.142          ;0.047          ;FURFURAL       ;F-18           ;NA             ; 0.35888264    
39             ;20.536         ;  880698.27    ; 11.61         ; 1.71          ; 210165.47     ;0.133          ;0.069          ;VANILLIN       ;F-18           ;NA             ; 0.64338227    
 3             ;10.460         ;  237520.84    ;  1.67         ; 0.32          ; 173283.53     ;0.040          ;0.020          ;FURFURAL       ;F-19           ;NA             ; 0.00020484    
 4             ;10.430         ; 4688453.18    ; 41.71         ; 5.07          ; 948950.85     ;0.220          ;0.080          ;FURFURAL       ;F-20           ;NA             ; 4.45113718    
 6             ;10.850         ;  761709.74    ;  6.78         ; 0.82          ; 112932.18     ;0.260          ;0.090          ;5METHYLFURFURAL;F-20           ;NA             ; 0.52439374    
 7             ;10.420         ; 3462295.16    ; 19.67         ; 3.91          ; 802479.08     ;0.130          ;0.070          ;FURFURAL       ;F-21           ;NA             ; 3.22497916    
14             ;11.960         ; 2544569.20    ; 14.45         ; 2.87          ; 682554.91     ;0.160          ;0.060          ;5METHYLFURFURAL;F-21           ;NA             ; 2.30725320    
67             ;20.560         ;  854735.63    ;  4.86         ; 0.96          ; 412985.06     ;0.070          ;0.030          ;VANILLIN       ;F-21           ;NA             ; 0.61741963    
 6             ;10.469         ;  651519.33    ;  9.10         ; 1.22          ; 103210.78     ;0.183          ;0.106          ;FURFURAL       ;F-22           ;NA             ; 0.41420333    
 8             ;11.917         ;  776523.10    ; 10.85         ; 1.45          ; 178426.38     ;0.190          ;0.068          ;5METHYLFURFURAL;F-22           ;NA             ; 0.53920710    
62             ;20.548         ;  996540.41    ; 13.92         ; 1.86          ; 280070.81     ;0.152          ;0.047          ;VANILLIN       ;F-22           ;NA             ; 0.75922441    
 6             ;10.416         ; 2645316.05    ; 24.75         ; 3.20          ; 586482.40     ;0.147          ;0.072          ;FURFURAL       ;F-23           ;NA             ; 2.40800005    
12             ;11.959         ; 2075439.09    ; 19.42         ; 2.51          ; 491948.65     ;0.253          ;0.060          ;5METHYLFURFURAL;F-23           ;NA             ; 1.83812309    
55             ;20.548         ; 1569391.53    ; 14.68         ; 1.90          ; 441021.09     ;0.076          ;0.073          ;VANILLIN       ;F-23           ;NA             ; 1.33207553    
 5             ;10.419         ;  662740.95    ;  8.82         ; 1.81          ;  96503.38     ;0.200          ;0.112          ;FURFURAL       ;F-24           ;NA             ; 0.42542495    
 9             ;11.849         ; 1043898.51    ; 13.90         ; 2.85          ; 147790.99     ;0.323          ;0.090          ;5METHYLFURFURAL;F-24           ;NA             ; 0.80658251    
38             ;20.536         ;  307679.81    ;  4.10         ; 0.84          ;  94612.74     ;0.087          ;0.059          ;VANILLIN       ;F-24           ;NA             ; 0.07036381    
 5             ;10.385         ; 1514365.41    ; 27.68         ; 3.46          ; 280680.21     ;0.207          ;0.082          ;FURFURAL       ;F-25           ;NA             ; 1.27704941    
11             ;11.917         ; 1792175.74    ; 32.76         ; 4.09          ; 371444.83     ;0.289          ;0.069          ;5METHYLFURFURAL;F-25           ;NA             ; 1.55485974    
49             ;20.525         ;  596179.49    ; 10.90         ; 1.36          ; 147092.27     ;0.110          ;0.078          ;VANILLIN       ;F-25           ;NA             ; 0.35886349    
 2             ;10.350         ; 1850627.64    ; 17.41         ; 2.65          ; 189644.36     ;0.350          ;0.150          ;FURFURAL       ;F-26           ;NA             ; 1.61331164    
40             ;20.510         ; 1101772.24    ; 10.36         ; 1.58          ; 239921.39     ;0.170          ;0.070          ;VANILLIN       ;F-26           ;NA             ; 0.86445624    
 6             ;10.390         ; 2596636.17    ; 39.96         ; 4.60          ; 495942.84     ;0.240          ;0.080          ;FURFURAL       ;F-27           ;NA             ; 2.35932017    
13             ;11.900         ; 1189248.17    ; 18.30         ; 2.11          ; 236274.09     ;0.280          ;0.060          ;5METHYLFURFURAL;F-27           ;NA             ; 0.95193217    
65             ;20.510         ;  725626.57    ; 11.17         ; 1.28          ; 274600.54     ;0.080          ;0.040          ;VANILLIN       ;F-27           ;NA             ; 0.48831057    
 5             ;10.390         ; 2745856.78    ; 21.62         ; 3.78          ; 540479.70     ;0.200          ;0.080          ;FURFURAL       ;F-28           ;NA             ; 2.50854078    
11             ;11.900         ; 2119018.07    ; 16.68         ; 2.92          ; 467665.63     ;0.270          ;0.060          ;5METHYLFURFURAL;F-28           ;NA             ; 1.88170207    
59             ;20.510         ; 1023661.49    ;  8.06         ; 1.41          ; 367650.44     ;0.080          ;0.050          ;VANILLIN       ;F-28           ;NA             ; 0.78634549    
 5             ;10.419         ; 1563992.27    ; 22.82         ; 2.99          ; 206833.09     ;0.285          ;0.120          ;FURFURAL       ;F-29           ;NA             ; 1.32667627    
 9             ;11.875         ; 1400141.43    ; 20.43         ; 2.67          ; 163255.79     ;0.350          ;0.126          ;5METHYLFURFURAL;F-29           ;NA             ; 1.16282543    
48             ;20.529         ;  959576.75    ; 14.00         ; 1.83          ; 229312.71     ;0.156          ;0.060          ;VANILLIN       ;F-29           ;NA             ; 0.72226075    
 4             ;10.385         ; 1242387.51    ; 16.00         ; 1.96          ; 258250.13     ;0.184          ;0.077          ;FURFURAL       ;F-3            ;NA             ; 1.00507151    
 8             ;11.887         ;  670833.66    ;  8.64         ; 1.06          ; 135141.36     ;0.099          ;0.099          ;5METHYLFURFURAL;F-3            ;NA             ; 0.43351766    
46             ;20.533         ; 1226287.89    ; 15.80         ; 1.93          ; 287116.00     ;0.133          ;0.068          ;VANILLIN       ;F-3            ;NA             ; 0.98897189    
 5             ;10.378         ; 2214947.36    ; 30.85         ; 3.74          ; 481337.45     ;0.144          ;0.076          ;FURFURAL       ;F-30           ;NA             ; 1.97763136    
12             ;11.914         ; 2737073.43    ; 38.12         ; 4.63          ; 623612.74     ;0.281          ;0.062          ;5METHYLFURFURAL;F-30           ;NA             ; 2.49975743    
54             ;20.517         ;  712459.33    ;  9.92         ; 1.20          ; 277611.62     ;0.068          ;0.041          ;VANILLIN       ;F-30           ;NA             ; 0.47514333    
 5             ;10.408         ;  495811.55    ;  8.17         ; 1.09          ;  69353.71     ;0.217          ;0.124          ;FURFURAL       ;F-4            ;NA             ; 0.25849555    
10             ;11.910         ;  906781.84    ; 14.93         ; 1.99          ; 170376.28     ;0.175          ;0.094          ;5METHYLFURFURAL;F-4            ;NA             ; 0.66946584    
 3             ;10.465         ;  497463.78    ;  5.20         ; 0.76          ; 277529.97     ;0.057          ;0.027          ;FURFURAL       ;F-5            ;NA             ; 0.26014778    
 9             ;11.917         ; 1402567.35    ; 14.65         ; 2.14          ; 197804.77     ;0.190          ;0.118          ;5METHYLFURFURAL;F-5            ;NA             ; 1.16525135    
49             ;20.544         ; 1159729.56    ; 12.11         ; 1.77          ; 315247.30     ;0.160          ;0.047          ;VANILLIN       ;F-5            ;NA             ; 0.92241356    
 6             ;10.408         ; 3188190.70    ; 35.29         ; 3.99          ; 702930.26     ;0.154          ;0.074          ;FURFURAL       ;F-6            ;NA             ; 2.95087470    
12             ;11.948         ; 2186520.39    ; 24.20         ; 2.74          ; 505429.71     ;0.276          ;0.059          ;5METHYLFURFURAL;F-6            ;NA             ; 1.94920439    
42             ;18.271         ;  788637.62    ;  8.73         ; 0.99          ; 148768.10     ;0.209          ;0.074          ;EUGENOL        ;F-6            ; 0.55132162    ; 0.55132162    
57             ;20.548         ; 1527144.64    ; 16.90         ; 1.91          ; 477777.48     ;0.080          ;0.062          ;VANILLIN       ;F-6            ;NA             ; 1.28982864    
 6             ;10.420         ; 4089885.98    ; 22.17         ; 4.72          ; 929983.90     ;0.140          ;0.070          ;FURFURAL       ;F-7            ;NA             ; 3.85256998    
12             ;11.960         ; 2059962.13    ; 11.17         ; 2.38          ; 453495.89     ;0.280          ;0.060          ;5METHYLFURFURAL;F-7            ;NA             ; 1.82264613    
57             ;20.560         ;  751317.07    ;  4.07         ; 0.87          ; 311590.96     ;0.080          ;0.040          ;VANILLIN       ;F-7            ;NA             ; 0.51400107    
 6             ;10.400         ; 3287846.68    ; 26.85         ; 4.04          ; 705444.71     ;0.147          ;0.076          ;FURFURAL       ;F-8            ;NA             ; 3.05053068    
12             ;11.944         ; 2654257.46    ; 21.67         ; 3.26          ; 582313.03     ;0.278          ;0.064          ;5METHYLFURFURAL;F-8            ;NA             ; 2.41694146    
67             ;22.533         ; 1027209.18    ;  8.39         ; 1.26          ; 228917.60     ;0.122          ;0.093          ;VANILLIN       ;F-8            ;NA             ; 0.78989318    
 7             ;10.420         ; 1751204.76    ; 14.71         ; 2.30          ; 430444.93     ;0.120          ;0.070          ;FURFURAL       ;F-9            ;NA             ; 1.51388876    
13             ;11.960         ; 1390901.37    ; 11.68         ; 1.83          ; 374655.53     ;0.160          ;0.060          ;5METHYLFURFURAL;F-9            ;NA             ; 1.15358537    
69             ;20.560         ; 2075532.27    ; 17.43         ; 2.73          ; 522529.37     ;0.130          ;0.050          ;VANILLIN       ;F-9            ;NA             ; 1.83821627    
 6             ;10.490         ; 3131101.30    ;  3.18         ; 1.79          ; 862265.58     ;0.150          ;0.060          ;FURFURAL       ;R-1            ;NA             ; 2.89378530    
11             ;12.010         ;  182909.46    ;  0.19         ; 0.10          ;  69558.30     ;0.110          ;0.040          ;5METHYLFURFURAL;R-1            ;NA             ;-0.05440654    
 2             ;10.393         ; 5562826.73    ; 48.01         ;11.92          ; 324793.68     ;0.681          ;0.247          ;FURFURAL       ;R-10           ;NA             ; 5.32551073    
 6             ;11.955         ;  918855.15    ;  7.93         ; 1.97          ; 138115.85     ;0.167          ;0.116          ;5METHYLFURFURAL;R-10           ;NA             ; 0.68153915    
46             ;20.521         ;  691540.90    ;  5.97         ; 1.48          ; 224045.63     ;0.095          ;0.047          ;VANILLIN       ;R-10           ;NA             ; 0.45422490    
 7             ;10.450         ; 3281132.57    ; 27.24         ; 5.77          ; 771863.84     ;0.150          ;0.070          ;FURFURAL       ;R-11           ;NA             ; 3.04381657    
14             ;11.970         ;  355088.23    ;  2.95         ; 0.62          ;  95814.15     ;0.130          ;0.060          ;5METHYLFURFURAL;R-11           ;NA             ; 0.11777223    
 6             ;10.460         ; 4079954.24    ; 65.82         ; 9.00          ; 962194.39     ;0.220          ;0.070          ;FURFURAL       ;R-12           ;NA             ; 3.84263824    
12             ;11.970         ;  352567.81    ;  5.69         ; 0.78          ; 106869.00     ;0.120          ;0.050          ;5METHYLFURFURAL;R-12           ;NA             ; 0.11525181    
57             ;20.560         ;  595859.65    ;  9.61         ; 1.31          ; 348406.58     ;0.050          ;0.030          ;VANILLIN       ;R-12           ;NA             ; 0.35854365    
 7             ;10.470         ; 3850726.54    ; 24.73         ; 6.62          ; 800180.26     ;0.210          ;0.070          ;FURFURAL       ;R-13           ;NA             ; 3.61341054    
13             ;11.980         ;  293093.43    ;  1.88         ; 0.50          ;  79871.70     ;0.120          ;0.060          ;5METHYLFURFURAL;R-13           ;NA             ; 0.05577743    
42             ;18.300         ;  124498.58    ;  0.80         ; 0.21          ;  34059.01     ;0.130          ;0.060          ;EUGENOL        ;R-13           ;-0.11281742    ;-0.11281742    
57             ;20.570         ; 1074157.44    ;  6.90         ; 1.85          ; 370637.64     ;0.090          ;0.040          ;VANILLIN       ;R-13           ;NA             ; 0.83684144    
 8             ;10.460         ; 3290089.78    ; 26.85         ; 5.60          ; 789822.38     ;0.190          ;0.070          ;FURFURAL       ;R-14           ;NA             ; 3.05277378    
14             ;11.980         ;  337226.92    ;  2.75         ; 0.57          ; 107540.55     ;0.110          ;0.050          ;5METHYLFURFURAL;R-14           ;NA             ; 0.09991092    
 2             ;10.400         ; 2336275.43    ; 28.59         ; 7.36          ; 372177.10     ;0.264          ;0.099          ;FURFURAL       ;R-15           ;NA             ; 2.09895943    
 6             ;11.876         ;   91783.78    ;  1.12         ; 0.29          ;  29587.42     ;0.095          ;0.046          ;5METHYLFURFURAL;R-15           ;NA             ;-0.14553222    
40             ;20.506         ;  716981.85    ;  8.77         ; 2.26          ; 243526.29     ;0.103          ;0.042          ;VANILLIN       ;R-15           ;NA             ; 0.47966585    
 7             ;10.511         ; 1172865.09    ;  1.01         ; 0.53          ; 330253.88     ;0.147          ;0.055          ;FURFURAL       ;R-16           ;NA             ; 0.93554909    
12             ;12.020         ;  224193.96    ;  0.19         ; 0.10          ;  87352.02     ;0.099          ;0.040          ;5METHYLFURFURAL;R-16           ;NA             ;-0.01312204    
28             ;20.586         ;  481587.04    ;  0.41         ; 0.22          ; 346198.05     ;0.053          ;0.022          ;VANILLIN       ;R-16           ;NA             ; 0.24427104    
10             ;10.488         ; 2397388.30    ;  3.26         ; 1.38          ; 681536.91     ;0.137          ;0.056          ;FURFURAL       ;R-17           ;NA             ; 2.16007230    
17             ;12.012         ;  277213.30    ;  0.38         ; 0.16          ; 104563.18     ;0.117          ;0.041          ;5METHYLFURFURAL;R-17           ;NA             ; 0.03989730    
45             ;20.586         ;  524638.29    ;  0.71         ; 0.30          ; 357123.84     ;0.063          ;0.023          ;VANILLIN       ;R-17           ;NA             ; 0.28732229    
 6             ;10.370         ; 4612104.55    ; 82.51         ;13.03          ; 959177.64     ;0.170          ;0.080          ;FURFURAL       ;R-18           ;NA             ; 4.37478855    
49             ;20.510         ; 1051055.35    ; 18.80         ; 2.97          ; 430960.76     ;0.110          ;0.040          ;VANILLIN       ;R-18           ;NA             ; 0.81373935    
 6             ;10.389         ; 6544243.20    ; 87.28         ;12.69          ;1368884.57     ;0.181          ;0.077          ;FURFURAL       ;R-19           ;NA             ; 6.30692720    
13             ;11.921         ;  930215.94    ; 12.41         ; 1.80          ; 192388.04     ;0.156          ;0.068          ;5METHYLFURFURAL;R-19           ;NA             ; 0.69289994    
59             ;20.525         ; 2008414.47    ; 26.78         ; 3.89          ; 652974.91     ;0.103          ;0.043          ;VANILLIN       ;R-19           ;NA             ; 1.77109847    
 8             ;10.446         ; 2417159.27    ; 17.82         ; 4.54          ; 573536.03     ;0.152          ;0.068          ;FURFURAL       ;R-2            ;NA             ; 2.17984327    
15             ;11.978         ;  186784.63    ;  1.38         ; 0.35          ;  69993.02     ;0.088          ;0.046          ;5METHYLFURFURAL;R-2            ;NA             ;-0.05053137    
57             ;20.574         ;  172090.40    ;  1.27         ; 0.32          ; 130202.91     ;0.038          ;0.023          ;VANILLIN       ;R-2            ;NA             ;-0.06522560    
 2             ;10.390         ; 3508402.15    ; 52.65         ; 9.36          ; 653880.02     ;0.260          ;0.080          ;FURFURAL       ;R-20           ;NA             ; 3.27108615    
48             ;20.510         ; 1119012.00    ; 16.79         ; 2.98          ; 430073.70     ;0.070          ;0.040          ;VANILLIN       ;R-20           ;NA             ; 0.88169600    
 5             ;10.410         ; 3019089.83    ; 35.85         ; 8.20          ; 464893.24     ;0.300          ;0.100          ;FURFURAL       ;R-21           ;NA             ; 2.78177383    
52             ;20.510         ;  559433.79    ;  6.64         ; 1.52          ; 265932.93     ;0.070          ;0.030          ;VANILLIN       ;R-21           ;NA             ; 0.32211779    
12             ;10.484         ; 3474751.14    ;  4.75         ; 2.07          ; 995569.42     ;0.137          ;0.055          ;FURFURAL       ;R-22           ;NA             ; 3.23743514    
19             ;12.009         ;  199469.50    ;  0.27         ; 0.12          ;  78371.07     ;0.109          ;0.038          ;5METHYLFURFURAL;R-22           ;NA             ;-0.03784650    
55             ;20.582         ;  440086.50    ;  0.60         ; 0.26          ; 388593.44     ;0.034          ;0.019          ;VANILLIN       ;R-22           ;NA             ; 0.20277050    
 4             ;10.430         ;  660748.13    ;  8.20         ; 2.25          ;  92367.45     ;0.240          ;0.120          ;FURFURAL       ;R-23           ;NA             ; 0.42343213    
 5             ;10.370         ; 2975666.26    ; 54.93         ; 8.17          ; 613903.83     ;0.170          ;0.080          ;FURFURAL       ;R-24           ;NA             ; 2.73835026    
 9             ;11.900         ;  472262.78    ;  8.72         ; 1.30          ;  88479.86     ;0.240          ;0.070          ;5METHYLFURFURAL;R-24           ;NA             ; 0.23494678    
48             ;20.510         ;  716704.48    ; 13.23         ; 1.97          ; 291799.17     ;0.100          ;0.040          ;VANILLIN       ;R-24           ;NA             ; 0.47938848    
 6             ;10.366         ; 2778867.92    ; 52.38         ; 7.98          ; 617322.52     ;0.154          ;0.072          ;FURFURAL       ;R-25           ;NA             ; 2.54155192    
 9             ;11.898         ;  414494.77    ;  7.81         ; 1.19          ; 101117.24     ;0.152          ;0.057          ;5METHYLFURFURAL;R-25           ;NA             ; 0.17717877    
56             ;20.510         ; 1204832.78    ; 22.71         ; 3.46          ; 432050.83     ;0.091          ;0.040          ;VANILLIN       ;R-25           ;NA             ; 0.96751678    
 6             ;10.370         ; 4729621.96    ;100.00         ;14.14          ;1025533.42     ;0.160          ;0.080          ;FURFURAL       ;R-26           ;NA             ; 4.49230596    
11             ;11.920         ;  885627.59    ; 18.73         ; 2.65          ; 184401.50     ;0.290          ;0.060          ;5METHYLFURFURAL;R-26           ;NA             ; 0.64831159    
52             ;20.520         ;  682049.07    ; 14.42         ; 2.04          ; 376896.51     ;0.060          ;0.030          ;VANILLIN       ;R-26           ;NA             ; 0.44473307    
 6             ;10.385         ; 1727392.08    ; 35.96         ; 6.40          ; 361776.69     ;0.173          ;0.076          ;FURFURAL       ;R-28           ;NA             ; 1.49007608    
12             ;11.921         ;  265818.45    ;  5.53         ; 0.99          ;  74814.47     ;0.114          ;0.056          ;5METHYLFURFURAL;R-28           ;NA             ; 0.02850245    
52             ;20.525         ;  387989.72    ;  8.08         ; 1.44          ; 184391.45     ;0.091          ;0.033          ;VANILLIN       ;R-28           ;NA             ; 0.15067372    
11             ;10.480         ; 4758388.75    ;  6.99         ; 2.65          ;1350061.64     ;0.129          ;0.057          ;FURFURAL       ;R-29           ;NA             ; 4.52107275    
19             ;12.008         ;  371256.37    ;  0.55         ; 0.21          ; 143249.06     ;0.114          ;0.040          ;5METHYLFURFURAL;R-29           ;NA             ; 0.13394037    
50             ;20.586         ; 1743277.06    ;  2.56         ; 0.97          ; 737736.97     ;0.099          ;0.028          ;VANILLIN       ;R-29           ;NA             ; 1.50596106    
 8             ;10.473         ; 2218292.34    ;  4.57         ; 2.02          ; 571181.02     ;0.149          ;0.062          ;FURFURAL       ;R-3            ;NA             ; 1.98097634    
16             ;11.997         ;  168255.92    ;  0.35         ; 0.15          ;  59440.17     ;0.102          ;0.046          ;5METHYLFURFURAL;R-3            ;NA             ;-0.06906008    
52             ;20.578         ;  217178.25    ;  0.45         ; 0.20          ; 176903.52     ;0.037          ;0.021          ;VANILLIN       ;R-3            ;NA             ;-0.02013775    
 4             ;10.380         ; 1967202.38    ; 30.50         ; 6.33          ; 375773.99     ;0.220          ;0.080          ;FURFURAL       ;R-30           ;NA             ; 1.72988638    
 7             ;11.910         ;  235846.67    ;  3.66         ; 0.76          ;  62223.61     ;0.120          ;0.060          ;5METHYLFURFURAL;R-30           ;NA             ;-0.00146933    
49             ;20.510         ;  776452.34    ; 12.04         ; 2.50          ; 297755.31     ;0.070          ;0.040          ;VANILLIN       ;R-30           ;NA             ; 0.53913634    
 3             ;10.396         ; 1753658.98    ; 35.82         ; 7.16          ; 306972.87     ;0.263          ;0.085          ;FURFURAL       ;R-4            ;NA             ; 1.51634298    
 8             ;11.917         ;  168756.60    ;  3.45         ; 0.69          ;  44778.86     ;0.099          ;0.068          ;5METHYLFURFURAL;R-4            ;NA             ;-0.06855940    
47             ;20.521         ;  552073.27    ; 11.28         ; 2.25          ; 209264.85     ;0.076          ;0.042          ;VANILLIN       ;R-4            ;NA             ; 0.31475727    
 7             ;10.440         ; 3563857.18    ; 52.90         ; 7.67          ; 835989.10     ;0.170          ;0.070          ;FURFURAL       ;R-5            ;NA             ; 3.32654118    
14             ;11.970         ;  301321.48    ;  4.47         ; 0.65          ;  76435.90     ;0.160          ;0.060          ;5METHYLFURFURAL;R-5            ;NA             ; 0.06400548    
63             ;20.560         ;  438794.26    ;  6.51         ; 0.94          ; 309601.28     ;0.040          ;0.020          ;VANILLIN       ;R-5            ;NA             ; 0.20147826    
 5             ;10.431         ; 2575232.38    ; 33.98         ; 7.35          ; 354190.56     ;0.292          ;0.113          ;FURFURAL       ;R-6            ;NA             ; 2.33791638    
 8             ;11.891         ;  393030.43    ;  5.19         ; 1.12          ;  75097.80     ;0.110          ;0.111          ;5METHYLFURFURAL;R-6            ;NA             ; 0.15571443    
41             ;20.536         ;  564261.71    ;  7.45         ; 1.61          ; 231219.19     ;0.084          ;0.038          ;VANILLIN       ;R-6            ;NA             ; 0.32694571    
 8             ;10.480         ; 4377295.67    ;  8.82         ; 3.23          ;1140997.10     ;0.181          ;0.062          ;FURFURAL       ;R-7            ;NA             ; 4.13997967    
16             ;11.993         ;  370985.42    ;  0.75         ; 0.27          ; 125863.85     ;0.125          ;0.047          ;5METHYLFURFURAL;R-7            ;NA             ; 0.13366942    
48             ;20.582         ; 1242611.68    ;  2.50         ; 0.92          ; 567977.43     ;0.091          ;0.028          ;VANILLIN       ;R-7            ;NA             ; 1.00529568    
 2             ;10.370         ; 2901434.64    ; 46.46         ; 8.92          ; 567705.79     ;0.180          ;0.080          ;FURFURAL       ;R-8            ;NA             ; 2.66411864    
 6             ;11.910         ;  624162.31    ;  9.99         ; 1.92          ;  98238.12     ;0.300          ;0.080          ;5METHYLFURFURAL;R-8            ;NA             ; 0.38684631    
 4             ;10.362         ; 4133128.99    ; 64.22         ;11.19          ; 817826.32     ;0.183          ;0.082          ;FURFURAL       ;R-9            ;NA             ; 3.89581299    
 8             ;11.891         ;  434116.81    ;  6.74         ; 1.18          ;  92892.58     ;0.148          ;0.073          ;5METHYLFURFURAL;R-9            ;NA             ; 0.19680081    
44             ;20.510         ; 1287048.66    ; 20.00         ; 3.49          ; 486166.85     ;0.072          ;0.043          ;VANILLIN       ;R-9            ;NA             ; 1.04973266    
